tipo,categoria,variable,efecto
CPV (capa 1),"Estudios de mercado, publicidad y marketing",79300000-79342999,Incluye (si además pasa exclusiones)
CPV (capa 1),Relaciones públicas,79416000-79416200,Incluye (si además pasa exclusiones)
CPV (capa 1),Atención telefónica / centros de llamada,79510000-79512999,Incluye (si además pasa exclusiones)
CPV (capa 1),"Internet, diseño y desarrollo web",72400000-72428999,Incluye (si además pasa exclusiones)
CPV (capa 1),"Producción audiovisual, cine, radio y televisión",92100000-92200999,Incluye (si además pasa exclusiones)
CPV (capa 1),Servicios de diseño gráfico,79822500,Incluye (si además pasa exclusiones)
"Categoria (texto, capa 2)",SEO / posicionamiento en buscadores,seo,Incluye (si además pasa exclusiones)
"Categoria (texto, capa 2)",SEO / posicionamiento en buscadores,posicionamiento en buscadores,Incluye (si además pasa exclusiones)
"Categoria (texto, capa 2)",SEO / posicionamiento en buscadores,posicionamiento web,Incluye (si además pasa exclusiones)
"Categoria (texto, capa 2)",SEO / posicionamiento en buscadores,posicionamiento organico,Incluye (si además pasa exclusiones)
"Categoria (texto, capa 2)",SEO / posicionamiento en buscadores,search engine optimization,Incluye (si además pasa exclusiones)
"Categoria (texto, capa 2)",SEO / posicionamiento en buscadores,optimizacion para motores de busqueda,Incluye (si además pasa exclusiones)
"Categoria (texto, capa 2)",SEO / posicionamiento en buscadores,optimizacion seo,Incluye (si además pasa exclusiones)
"Categoria (texto, capa 2)",SEO / posicionamiento en buscadores,auditoria seo,Incluye (si además pasa exclusiones)
"Categoria (texto, capa 2)",SEO / posicionamiento en buscadores,consultoria seo,Incluye (si además pasa exclusiones)
"Categoria (texto, capa 2)",SEO / posicionamiento en buscadores,estrategia seo,Incluye (si además pasa exclusiones)
"Categoria (texto, capa 2)",SEO / posicionamiento en buscadores,linkbuilding,Incluye (si además pasa exclusiones)
"Categoria (texto, capa 2)",SEO / posicionamiento en buscadores,link building,Incluye (si además pasa exclusiones)
"Categoria (texto, capa 2)",SEO / posicionamiento en buscadores,posicionamiento en google,Incluye (si además pasa exclusiones)
"Categoria (texto, capa 2)",SEO / posicionamiento en buscadores,seo tecnico,Incluye (si además pasa exclusiones)
"Categoria (texto, capa 2)",SEO / posicionamiento en buscadores,seo on page,Incluye (si además pasa exclusiones)
"Categoria (texto, capa 2)",SEO / posicionamiento en buscadores,seo off page,Incluye (si además pasa exclusiones)
"Categoria (texto, capa 2)",SEO / posicionamiento en buscadores,seo local,Incluye (si además pasa exclusiones)
"Categoria (texto, capa 2)",SEM / paid media,sem,Incluye (si además pasa exclusiones)
"Categoria (texto, capa 2)",SEM / paid media,paid media,Incluye (si además pasa exclusiones)
"Categoria (texto, capa 2)",SEM / paid media,publicidad programatica,Incluye (si además pasa exclusiones)
"Categoria (texto, capa 2)",SEM / paid media,google ads,Incluye (si además pasa exclusiones)
"Categoria (texto, capa 2)",SEM / paid media,campanas de publicidad digital,Incluye (si además pasa exclusiones)
"Categoria (texto, capa 2)",SEM / paid media,display,Incluye (si además pasa exclusiones)
"Categoria (texto, capa 2)",SEM / paid media,ppc,Incluye (si además pasa exclusiones)
"Categoria (texto, capa 2)",SEM / paid media,compra programatica,Incluye (si además pasa exclusiones)
"Categoria (texto, capa 2)",SEM / paid media,medios digitales de pago,Incluye (si además pasa exclusiones)
"Categoria (texto, capa 2)",SEM / paid media,publicidad en buscadores,Incluye (si además pasa exclusiones)
"Categoria (texto, capa 2)",SEM / paid media,google adwords,Incluye (si además pasa exclusiones)
"Categoria (texto, capa 2)",SEM / paid media,adwords,Incluye (si además pasa exclusiones)
"Categoria (texto, capa 2)",SEM / paid media,meta ads,Incluye (si además pasa exclusiones)
"Categoria (texto, capa 2)",SEM / paid media,facebook ads,Incluye (si además pasa exclusiones)
"Categoria (texto, capa 2)",SEM / paid media,instagram ads,Incluye (si además pasa exclusiones)
"Categoria (texto, capa 2)",SEM / paid media,linkedin ads,Incluye (si además pasa exclusiones)
"Categoria (texto, capa 2)",SEM / paid media,tiktok ads,Incluye (si además pasa exclusiones)
"Categoria (texto, capa 2)",SEM / paid media,publicidad en redes sociales,Incluye (si además pasa exclusiones)
"Categoria (texto, capa 2)",SEM / paid media,campanas ppc,Incluye (si además pasa exclusiones)
"Categoria (texto, capa 2)",SEM / paid media,gestion de campanas sem,Incluye (si además pasa exclusiones)
"Categoria (texto, capa 2)",SEM / paid media,compra de medios digitales,Incluye (si además pasa exclusiones)
"Categoria (texto, capa 2)",SEM / paid media,publicidad en internet,Incluye (si además pasa exclusiones)
"Categoria (texto, capa 2)",SEM / paid media,anuncios digitales,Incluye (si además pasa exclusiones)
"Categoria (texto, capa 2)",SEM / paid media,publicidad online,Incluye (si además pasa exclusiones)
"Categoria (texto, capa 2)",SEM / paid media,publicidad digital,Incluye (si además pasa exclusiones)
"Categoria (texto, capa 2)",Email marketing y CRM,email marketing,Incluye (si además pasa exclusiones)
"Categoria (texto, capa 2)",Email marketing y CRM,marketing automation,Incluye (si además pasa exclusiones)
"Categoria (texto, capa 2)",Email marketing y CRM,mailing,Incluye (si además pasa exclusiones)
"Categoria (texto, capa 2)",Email marketing y CRM,newsletter,Incluye (si además pasa exclusiones)
"Categoria (texto, capa 2)",Email marketing y CRM,correo electronico masivo,Incluye (si además pasa exclusiones)
"Categoria (texto, capa 2)",Email marketing y CRM,automatizacion de marketing,Incluye (si además pasa exclusiones)
"Categoria (texto, capa 2)",Email marketing y CRM,envio de comunicaciones electronicas,Incluye (si además pasa exclusiones)
"Categoria (texto, capa 2)",Email marketing y CRM,emailing,Incluye (si además pasa exclusiones)
"Categoria (texto, capa 2)",Email marketing y CRM,campanas de email,Incluye (si además pasa exclusiones)
"Categoria (texto, capa 2)",Email marketing y CRM,campanas de emailing,Incluye (si además pasa exclusiones)
"Categoria (texto, capa 2)",Email marketing y CRM,email marketer,Incluye (si además pasa exclusiones)
"Categoria (texto, capa 2)",Email marketing y CRM,marketing directo digital,Incluye (si además pasa exclusiones)
"Categoria (texto, capa 2)",Email marketing y CRM,automatizacion de emails,Incluye (si además pasa exclusiones)
"Categoria (texto, capa 2)",Email marketing y CRM,flujos de automatizacion de marketing,Incluye (si además pasa exclusiones)
"Categoria (texto, capa 2)",Email marketing y CRM,gestion de relaciones con clientes,Incluye (si además pasa exclusiones)
"Categoria (texto, capa 2)",Email marketing y CRM,crm de clientes,Incluye (si además pasa exclusiones)
"Categoria (texto, capa 2)",Email marketing y CRM,implantacion de crm comercial,Incluye (si además pasa exclusiones)
"Categoria (texto, capa 2)",Redes sociales / community management,redes sociales,Incluye (si además pasa exclusiones)
"Categoria (texto, capa 2)",Redes sociales / community management,community management,Incluye (si además pasa exclusiones)
"Categoria (texto, capa 2)",Redes sociales / community management,gestion de redes sociales,Incluye (si además pasa exclusiones)
"Categoria (texto, capa 2)",Redes sociales / community management,social media,Incluye (si además pasa exclusiones)
"Categoria (texto, capa 2)",Redes sociales / community management,contenido para redes,Incluye (si además pasa exclusiones)
"Categoria (texto, capa 2)",Redes sociales / community management,gestion de perfiles sociales,Incluye (si además pasa exclusiones)
"Categoria (texto, capa 2)",Redes sociales / community management,gestor de comunidades digitales,Incluye (si además pasa exclusiones)
"Categoria (texto, capa 2)",Redes sociales / community management,gestion de redes,Incluye (si además pasa exclusiones)
"Categoria (texto, capa 2)",Redes sociales / community management,social media manager,Incluye (si además pasa exclusiones)
"Categoria (texto, capa 2)",Redes sociales / community management,estrategia de redes sociales,Incluye (si además pasa exclusiones)
"Categoria (texto, capa 2)",Redes sociales / community management,plan de social media,Incluye (si además pasa exclusiones)
"Categoria (texto, capa 2)",Redes sociales / community management,gestion de instagram,Incluye (si además pasa exclusiones)
"Categoria (texto, capa 2)",Redes sociales / community management,gestion de facebook,Incluye (si además pasa exclusiones)
"Categoria (texto, capa 2)",Redes sociales / community management,gestion de tiktok,Incluye (si además pasa exclusiones)
"Categoria (texto, capa 2)",Redes sociales / community management,gestion de linkedin,Incluye (si además pasa exclusiones)
"Categoria (texto, capa 2)",Redes sociales / community management,gestion de twitter,Incluye (si además pasa exclusiones)
"Categoria (texto, capa 2)",Redes sociales / community management,dinamizacion de redes sociales,Incluye (si además pasa exclusiones)
"Categoria (texto, capa 2)",Redes sociales / community management,dinamizacion de redes,Incluye (si además pasa exclusiones)
"Categoria (texto, capa 2)",Redes sociales / community management,gestion de comunidad digital,Incluye (si además pasa exclusiones)
"Categoria (texto, capa 2)",Producción de vídeo / contenido audiovisual,produccion audiovisual,Incluye (si además pasa exclusiones)
"Categoria (texto, capa 2)",Producción de vídeo / contenido audiovisual,produccion de video,Incluye (si además pasa exclusiones)
"Categoria (texto, capa 2)",Producción de vídeo / contenido audiovisual,video corporativo,Incluye (si además pasa exclusiones)
"Categoria (texto, capa 2)",Producción de vídeo / contenido audiovisual,contenido audiovisual,Incluye (si además pasa exclusiones)
"Categoria (texto, capa 2)",Producción de vídeo / contenido audiovisual,spot publicitario,Incluye (si además pasa exclusiones)
"Categoria (texto, capa 2)",Producción de vídeo / contenido audiovisual,realizacion audiovisual,Incluye (si además pasa exclusiones)
"Categoria (texto, capa 2)",Producción de vídeo / contenido audiovisual,produccion de videos promocionales,Incluye (si además pasa exclusiones)
"Categoria (texto, capa 2)",Producción de vídeo / contenido audiovisual,grabacion y edicion de video,Incluye (si además pasa exclusiones)
"Categoria (texto, capa 2)",Producción de vídeo / contenido audiovisual,cine y video,Incluye (si además pasa exclusiones)
"Categoria (texto, capa 2)",Producción de vídeo / contenido audiovisual,pelicula,Incluye (si además pasa exclusiones)
"Categoria (texto, capa 2)",Producción de vídeo / contenido audiovisual,videocinta,Incluye (si además pasa exclusiones)
"Categoria (texto, capa 2)",Producción de vídeo / contenido audiovisual,contenidos de video,Incluye (si además pasa exclusiones)
"Categoria (texto, capa 2)",Producción de vídeo / contenido audiovisual,contenido de video,Incluye (si además pasa exclusiones)
"Categoria (texto, capa 2)",Producción de vídeo / contenido audiovisual,postproduccion,Incluye (si además pasa exclusiones)
"Categoria (texto, capa 2)",Producción de vídeo / contenido audiovisual,posproduccion,Incluye (si además pasa exclusiones)
"Categoria (texto, capa 2)",Producción de vídeo / contenido audiovisual,produccion de contenidos audiovisuales,Incluye (si además pasa exclusiones)
"Categoria (texto, capa 2)",Producción de vídeo / contenido audiovisual,video promocional,Incluye (si además pasa exclusiones)
"Categoria (texto, capa 2)",Producción de vídeo / contenido audiovisual,video institucional,Incluye (si además pasa exclusiones)
"Categoria (texto, capa 2)",Producción de vídeo / contenido audiovisual,produccion de spots,Incluye (si además pasa exclusiones)
"Categoria (texto, capa 2)",Producción de vídeo / contenido audiovisual,motion graphics,Incluye (si además pasa exclusiones)
"Categoria (texto, capa 2)",Producción de vídeo / contenido audiovisual,animacion audiovisual,Incluye (si además pasa exclusiones)
"Categoria (texto, capa 2)",Producción de vídeo / contenido audiovisual,video para redes sociales,Incluye (si además pasa exclusiones)
"Categoria (texto, capa 2)",Producción de vídeo / contenido audiovisual,contenido para youtube,Incluye (si además pasa exclusiones)
"Categoria (texto, capa 2)",Producción de vídeo / contenido audiovisual,edicion de video,Incluye (si además pasa exclusiones)
"Categoria (texto, capa 2)",Diseño y desarrollo web,diseno web,Incluye (si además pasa exclusiones)
"Categoria (texto, capa 2)",Diseño y desarrollo web,desarrollo web,Incluye (si además pasa exclusiones)
"Categoria (texto, capa 2)",Diseño y desarrollo web,diseno y desarrollo de pagina web,Incluye (si además pasa exclusiones)
"Categoria (texto, capa 2)",Diseño y desarrollo web,pagina web,Incluye (si además pasa exclusiones)
"Categoria (texto, capa 2)",Diseño y desarrollo web,sitio web,Incluye (si además pasa exclusiones)
"Categoria (texto, capa 2)",Diseño y desarrollo web,portal web,Incluye (si además pasa exclusiones)
"Categoria (texto, capa 2)",Diseño y desarrollo web,rediseno web,Incluye (si además pasa exclusiones)
"Categoria (texto, capa 2)",Diseño y desarrollo web,desarrollo de sitio web,Incluye (si además pasa exclusiones)
"Categoria (texto, capa 2)",Diseño y desarrollo web,mantenimiento web,Incluye (si además pasa exclusiones)
"Categoria (texto, capa 2)",Diseño y desarrollo web,diseno de sitios web,Incluye (si además pasa exclusiones)
"Categoria (texto, capa 2)",Diseño y desarrollo web,diseno de pagina web,Incluye (si además pasa exclusiones)
"Categoria (texto, capa 2)",Diseño y desarrollo web,diseno de paginas web,Incluye (si además pasa exclusiones)
"Categoria (texto, capa 2)",Diseño y desarrollo web,creacion de pagina web,Incluye (si además pasa exclusiones)
"Categoria (texto, capa 2)",Diseño y desarrollo web,creacion de sitio web,Incluye (si además pasa exclusiones)
"Categoria (texto, capa 2)",Diseño y desarrollo web,creacion de paginas web,Incluye (si además pasa exclusiones)
"Categoria (texto, capa 2)",Diseño y desarrollo web,programacion web,Incluye (si además pasa exclusiones)
"Categoria (texto, capa 2)",Diseño y desarrollo web,plataforma web,Incluye (si además pasa exclusiones)
"Categoria (texto, capa 2)",Diseño y desarrollo web,desarrollo de landing page,Incluye (si además pasa exclusiones)
"Categoria (texto, capa 2)",Diseño y desarrollo web,diseno de landing page,Incluye (si además pasa exclusiones)
"Categoria (texto, capa 2)",Diseño y desarrollo web,desarrollo frontend,Incluye (si además pasa exclusiones)
"Categoria (texto, capa 2)",Diseño y desarrollo web,diseno ux,Incluye (si además pasa exclusiones)
"Categoria (texto, capa 2)",Diseño y desarrollo web,diseno ui,Incluye (si además pasa exclusiones)
"Categoria (texto, capa 2)",Diseño y desarrollo web,diseno ux ui,Incluye (si además pasa exclusiones)
"Categoria (texto, capa 2)",Diseño y desarrollo web,experiencia de usuario,Incluye (si además pasa exclusiones)
"Categoria (texto, capa 2)",Diseño y desarrollo web,diseno responsive,Incluye (si además pasa exclusiones)
"Categoria (texto, capa 2)",Diseño y desarrollo web,desarrollo de plataforma web,Incluye (si además pasa exclusiones)
"Categoria (texto, capa 2)",Diseño y desarrollo web,actualizacion de pagina web,Incluye (si además pasa exclusiones)
"Categoria (texto, capa 2)",Diseño y desarrollo web,migracion web,Incluye (si además pasa exclusiones)
"Categoria (texto, capa 2)",Diseño y desarrollo web,diseno de interfaz web,Incluye (si además pasa exclusiones)
"Categoria (texto, capa 2)",Diseño y desarrollo de apps,aplicacion movil,Incluye (si además pasa exclusiones)
"Categoria (texto, capa 2)",Diseño y desarrollo de apps,app movil,Incluye (si además pasa exclusiones)
"Categoria (texto, capa 2)",Diseño y desarrollo de apps,desarrollo de app,Incluye (si además pasa exclusiones)
"Categoria (texto, capa 2)",Diseño y desarrollo de apps,aplicacion para smartphone,Incluye (si además pasa exclusiones)
"Categoria (texto, capa 2)",Diseño y desarrollo de apps,desarrollo de aplicaciones moviles,Incluye (si además pasa exclusiones)
"Categoria (texto, capa 2)",Diseño y desarrollo de apps,app nativa,Incluye (si además pasa exclusiones)
"Categoria (texto, capa 2)",Diseño y desarrollo de apps,aplicacion android,Incluye (si además pasa exclusiones)
"Categoria (texto, capa 2)",Diseño y desarrollo de apps,aplicacion ios,Incluye (si además pasa exclusiones)
"Categoria (texto, capa 2)",Diseño y desarrollo de apps,desarrollo de aplicaciones,Incluye (si además pasa exclusiones)
"Categoria (texto, capa 2)",Diseño y desarrollo de apps,app hibrida,Incluye (si además pasa exclusiones)
"Categoria (texto, capa 2)",Diseño y desarrollo de apps,aplicacion multiplataforma,Incluye (si además pasa exclusiones)
"Categoria (texto, capa 2)",Diseño y desarrollo de apps,desarrollo de app movil,Incluye (si además pasa exclusiones)
"Categoria (texto, capa 2)",Diseño y desarrollo de apps,diseno de app,Incluye (si además pasa exclusiones)
"Categoria (texto, capa 2)",Diseño y desarrollo de apps,prototipado de app,Incluye (si además pasa exclusiones)
"Categoria (texto, capa 2)",Reputación online / gestión de crisis,reputacion online,Incluye (si además pasa exclusiones)
"Categoria (texto, capa 2)",Reputación online / gestión de crisis,reputacion digital,Incluye (si además pasa exclusiones)
"Categoria (texto, capa 2)",Reputación online / gestión de crisis,gestion de crisis,Incluye (si además pasa exclusiones)
"Categoria (texto, capa 2)",Reputación online / gestión de crisis,monitorizacion de medios,Incluye (si además pasa exclusiones)
"Categoria (texto, capa 2)",Reputación online / gestión de crisis,escucha activa,Incluye (si además pasa exclusiones)
"Categoria (texto, capa 2)",Reputación online / gestión de crisis,gestion de la reputacion,Incluye (si además pasa exclusiones)
"Categoria (texto, capa 2)",Reputación online / gestión de crisis,clipping de prensa,Incluye (si además pasa exclusiones)
"Categoria (texto, capa 2)",Reputación online / gestión de crisis,seguimiento de medios,Incluye (si además pasa exclusiones)
"Categoria (texto, capa 2)",Reputación online / gestión de crisis,monitorizacion de redes sociales,Incluye (si además pasa exclusiones)
"Categoria (texto, capa 2)",Reputación online / gestión de crisis,analisis de sentimiento,Incluye (si además pasa exclusiones)
"Categoria (texto, capa 2)",Reputación online / gestión de crisis,gestion de comentarios,Incluye (si además pasa exclusiones)
"Categoria (texto, capa 2)",Reputación online / gestión de crisis,social listening,Incluye (si además pasa exclusiones)
"Categoria (texto, capa 2)",Reputación online / gestión de crisis,escucha social,Incluye (si además pasa exclusiones)
"Categoria (texto, capa 2)",Reputación online / gestión de crisis,gestion de crisis de comunicacion,Incluye (si además pasa exclusiones)
"Categoria (texto, capa 2)",Atención al cliente / soporte,atencion al cliente,Incluye (si además pasa exclusiones)
"Categoria (texto, capa 2)",Atención al cliente / soporte,centro de llamadas,Incluye (si además pasa exclusiones)
"Categoria (texto, capa 2)",Atención al cliente / soporte,call center,Incluye (si además pasa exclusiones)
"Categoria (texto, capa 2)",Atención al cliente / soporte,atencion telefonica,Incluye (si además pasa exclusiones)
"Categoria (texto, capa 2)",Atención al cliente / soporte,soporte al usuario,Incluye (si además pasa exclusiones)
"Categoria (texto, capa 2)",Atención al cliente / soporte,contact center,Incluye (si además pasa exclusiones)
"Categoria (texto, capa 2)",Atención al cliente / soporte,atencion multicanal,Incluye (si además pasa exclusiones)
"Categoria (texto, capa 2)",Atención al cliente / soporte,servicio de atencion ciudadana,Incluye (si además pasa exclusiones)
"Categoria (texto, capa 2)",Atención al cliente / soporte,atencion por whatsapp,Incluye (si además pasa exclusiones)
"Categoria (texto, capa 2)",Atención al cliente / soporte,atencion por redes sociales,Incluye (si además pasa exclusiones)
"Categoria (texto, capa 2)",Atención al cliente / soporte,gestion de chat en vivo,Incluye (si además pasa exclusiones)
"Categoria (texto, capa 2)",Atención al cliente / soporte,chatbot de atencion al cliente,Incluye (si además pasa exclusiones)
"Categoria (texto, capa 2)",Publicidad y comunicación (general),publicidad,Incluye (si además pasa exclusiones)
"Categoria (texto, capa 2)",Publicidad y comunicación (general),campana de comunicacion,Incluye (si además pasa exclusiones)
"Categoria (texto, capa 2)",Publicidad y comunicación (general),agencia de publicidad,Incluye (si además pasa exclusiones)
"Categoria (texto, capa 2)",Publicidad y comunicación (general),agencia de comunicacion,Incluye (si además pasa exclusiones)
"Categoria (texto, capa 2)",Publicidad y comunicación (general),promocion institucional,Incluye (si además pasa exclusiones)
"Categoria (texto, capa 2)",Publicidad y comunicación (general),difusion publicitaria,Incluye (si además pasa exclusiones)
"Categoria (texto, capa 2)",Publicidad y comunicación (general),plan de comunicacion,Incluye (si además pasa exclusiones)
"Categoria (texto, capa 2)",Publicidad y comunicación (general),gabinete de prensa,Incluye (si además pasa exclusiones)
"Categoria (texto, capa 2)",Publicidad y comunicación (general),estrategia de comunicacion,Incluye (si además pasa exclusiones)
"Categoria (texto, capa 2)",Publicidad y comunicación (general),marketing,Incluye (si además pasa exclusiones)
"Categoria (texto, capa 2)",Publicidad y comunicación (general),mercadotecnia,Incluye (si además pasa exclusiones)
"Categoria (texto, capa 2)",Publicidad y comunicación (general),publicitaria,Incluye (si además pasa exclusiones)
"Categoria (texto, capa 2)",Publicidad y comunicación (general),publicitario,Incluye (si además pasa exclusiones)
"Categoria (texto, capa 2)",Publicidad y comunicación (general),publicitarios,Incluye (si además pasa exclusiones)
"Categoria (texto, capa 2)",Publicidad y comunicación (general),publicitarias,Incluye (si además pasa exclusiones)
"Categoria (texto, capa 2)",Publicidad y comunicación (general),espacios publicitarios,Incluye (si además pasa exclusiones)
"Categoria (texto, capa 2)",Publicidad y comunicación (general),gestion publicitaria,Incluye (si además pasa exclusiones)
"Categoria (texto, capa 2)",Publicidad y comunicación (general),relaciones publicas,Incluye (si además pasa exclusiones)
"Categoria (texto, capa 2)",Publicidad y comunicación (general),estudios de mercado,Incluye (si además pasa exclusiones)
"Categoria (texto, capa 2)",Publicidad y comunicación (general),estudio de mercado,Incluye (si además pasa exclusiones)
"Categoria (texto, capa 2)",Publicidad y comunicación (general),investigacion de mercado,Incluye (si además pasa exclusiones)
"Categoria (texto, capa 2)",Publicidad y comunicación (general),investigacion de mercados,Incluye (si además pasa exclusiones)
"Categoria (texto, capa 2)",Publicidad y comunicación (general),servicios de promocion,Incluye (si además pasa exclusiones)
"Categoria (texto, capa 2)",Publicidad y comunicación (general),planificacion de medios,Incluye (si además pasa exclusiones)
"Categoria (texto, capa 2)",Publicidad y comunicación (general),compra de espacios,Incluye (si además pasa exclusiones)
"Categoria (texto, capa 2)",Publicidad y comunicación (general),plan de medios,Incluye (si además pasa exclusiones)
"Categoria (texto, capa 2)",Publicidad y comunicación (general),campana publicitaria,Incluye (si además pasa exclusiones)
"Categoria (texto, capa 2)",Publicidad y comunicación (general),campanas publicitarias,Incluye (si además pasa exclusiones)
"Categoria (texto, capa 2)",Publicidad y comunicación (general),difusion de campanas,Incluye (si además pasa exclusiones)
"Categoria (texto, capa 2)",Publicidad y comunicación (general),creatividad publicitaria,Incluye (si además pasa exclusiones)
"Categoria (texto, capa 2)",Publicidad y comunicación (general),concepto creativo,Incluye (si además pasa exclusiones)
"Categoria (texto, capa 2)",Publicidad y comunicación (general),campana de comunicacion digital,Incluye (si además pasa exclusiones)
"Categoria (texto, capa 2)",Publicidad y comunicación (general),comunicacion 360,Incluye (si además pasa exclusiones)
"Categoria (texto, capa 2)",Publicidad y comunicación (general),comunicacion integral,Incluye (si además pasa exclusiones)
"Categoria (texto, capa 2)",Publicidad y comunicación (general),notas de prensa,Incluye (si además pasa exclusiones)
"Categoria (texto, capa 2)",Publicidad y comunicación (general),gestion de prensa,Incluye (si además pasa exclusiones)
"Categoria (texto, capa 2)",Publicidad y comunicación (general),agencia creativa,Incluye (si además pasa exclusiones)
"Categoria (texto, capa 2)",Publicidad y comunicación (general),campana de sensibilizacion,Incluye (si además pasa exclusiones)
"Categoria (texto, capa 2)",Publicidad y comunicación (general),campana de divulgacion,Incluye (si además pasa exclusiones)
"Categoria (texto, capa 2)",Publicidad y comunicación (general),gabinete de comunicacion,Incluye (si además pasa exclusiones)
"Categoria (texto, capa 2)",Publicidad y comunicación (general),plan integral de comunicacion,Incluye (si además pasa exclusiones)
"Categoria (texto, capa 2)",Publicidad y comunicación (general),comunicacion,Incluye (si además pasa exclusiones)
"Categoria (texto, capa 2)",Diseño gráfico / branding,diseno grafico,Incluye (si además pasa exclusiones)
"Categoria (texto, capa 2)",Diseño gráfico / branding,identidad visual,Incluye (si además pasa exclusiones)
"Categoria (texto, capa 2)",Diseño gráfico / branding,branding,Incluye (si además pasa exclusiones)
"Categoria (texto, capa 2)",Diseño gráfico / branding,imagen corporativa,Incluye (si además pasa exclusiones)
"Categoria (texto, capa 2)",Diseño gráfico / branding,diseno de marca,Incluye (si además pasa exclusiones)
"Categoria (texto, capa 2)",Diseño gráfico / branding,manual de identidad corporativa,Incluye (si además pasa exclusiones)
"Categoria (texto, capa 2)",Diseño gráfico / branding,maquetacion,Incluye (si además pasa exclusiones)
"Categoria (texto, capa 2)",Diseño gráfico / branding,identidad de marca,Incluye (si además pasa exclusiones)
"Categoria (texto, capa 2)",Diseño gráfico / branding,arquitectura de marca,Incluye (si además pasa exclusiones)
"Categoria (texto, capa 2)",Diseño gráfico / branding,diseno de logotipo,Incluye (si además pasa exclusiones)
"Categoria (texto, capa 2)",Diseño gráfico / branding,diseno de logo,Incluye (si además pasa exclusiones)
"Categoria (texto, capa 2)",Diseño gráfico / branding,naming,Incluye (si además pasa exclusiones)
"Categoria (texto, capa 2)",Diseño gráfico / branding,guia de estilo,Incluye (si además pasa exclusiones)
"Categoria (texto, capa 2)",Diseño gráfico / branding,diseno editorial,Incluye (si además pasa exclusiones)
"Categoria (texto, capa 2)",Diseño gráfico / branding,diseno de packaging,Incluye (si además pasa exclusiones)
"Categoria (texto, capa 2)",Diseño gráfico / branding,diseno de catalogos,Incluye (si además pasa exclusiones)
"Categoria (texto, capa 2)",Diseño gráfico / branding,rebranding,Incluye (si además pasa exclusiones)
"Categoria (texto, capa 2)",Diseño gráfico / branding,diseno de material grafico,Incluye (si además pasa exclusiones)
"Categoria (texto, capa 2)",Producción de eventos digitales,evento digital,Incluye (si además pasa exclusiones)
"Categoria (texto, capa 2)",Producción de eventos digitales,retransmision en streaming,Incluye (si además pasa exclusiones)
"Categoria (texto, capa 2)",Producción de eventos digitales,webinar,Incluye (si además pasa exclusiones)
"Categoria (texto, capa 2)",Producción de eventos digitales,evento online,Incluye (si además pasa exclusiones)
"Categoria (texto, capa 2)",Producción de eventos digitales,streaming de eventos,Incluye (si además pasa exclusiones)
"Categoria (texto, capa 2)",Producción de eventos digitales,gestion de eventos online,Incluye (si además pasa exclusiones)
"Categoria (texto, capa 2)",Producción de eventos digitales,plataforma de eventos virtuales,Incluye (si además pasa exclusiones)
"Categoria (texto, capa 2)",Producción de eventos digitales,produccion de webinars,Incluye (si además pasa exclusiones)
"Categoria (texto, capa 2)",Producción de eventos digitales,eventos hibridos,Incluye (si además pasa exclusiones)
"Categoria (texto, capa 2)",Producción de eventos digitales,retransmision de eventos,Incluye (si además pasa exclusiones)
"Categoria (texto, capa 2)",Analítica / medición de marketing,analitica web,Incluye (si además pasa exclusiones)
"Categoria (texto, capa 2)",Analítica / medición de marketing,analitica digital,Incluye (si además pasa exclusiones)
"Categoria (texto, capa 2)",Analítica / medición de marketing,medicion de campanas,Incluye (si además pasa exclusiones)
"Categoria (texto, capa 2)",Analítica / medición de marketing,auditoria de marketing digital,Incluye (si además pasa exclusiones)
"Categoria (texto, capa 2)",Analítica / medición de marketing,kpis digitales,Incluye (si además pasa exclusiones)
"Categoria (texto, capa 2)",Analítica / medición de marketing,cuadro de mando de marketing,Incluye (si además pasa exclusiones)
"Categoria (texto, capa 2)",Analítica / medición de marketing,analitica de datos digitales,Incluye (si además pasa exclusiones)
"Categoria (texto, capa 2)",Analítica / medición de marketing,google analytics,Incluye (si además pasa exclusiones)
"Categoria (texto, capa 2)",Analítica / medición de marketing,business intelligence de marketing,Incluye (si además pasa exclusiones)
"Categoria (texto, capa 2)",Analítica / medición de marketing,reporting de marketing,Incluye (si además pasa exclusiones)
"Categoria (texto, capa 2)",Analítica / medición de marketing,dashboard de marketing,Incluye (si además pasa exclusiones)
"Categoria (texto, capa 2)",Analítica / medición de marketing,medicion de resultados digitales,Incluye (si además pasa exclusiones)
"Categoria (texto, capa 2)",Analítica / medición de marketing,atribucion de marketing,Incluye (si además pasa exclusiones)
"Categoria (texto, capa 2)",Analítica / medición de marketing,analisis de datos de marketing,Incluye (si además pasa exclusiones)
"Categoria (texto, capa 2)",Estrategia de marketing,estrategia de marketing,Incluye (si además pasa exclusiones)
"Categoria (texto, capa 2)",Estrategia de marketing,plan de marketing,Incluye (si además pasa exclusiones)
"Categoria (texto, capa 2)",Estrategia de marketing,planificacion estrategica de marketing,Incluye (si además pasa exclusiones)
"Categoria (texto, capa 2)",Estrategia de marketing,consultoria estrategica de marketing,Incluye (si además pasa exclusiones)
"Categoria (texto, capa 2)",Estrategia de marketing,definicion de estrategia de marketing,Incluye (si además pasa exclusiones)
"Categoria (texto, capa 2)",Estrategia de marketing,diagnostico de marketing,Incluye (si además pasa exclusiones)
"Categoria (texto, capa 2)",Estrategia de marketing,plan estrategico de comunicacion,Incluye (si además pasa exclusiones)
"Categoria (texto, capa 2)",Estrategia de marketing,brief estrategico de marketing,Incluye (si además pasa exclusiones)
"Categoria (texto, capa 2)",Estrategia de marketing,consultoria de marketing estrategico,Incluye (si además pasa exclusiones)
"Categoria (texto, capa 2)",Estrategia de marketing,estrategia de marca,Incluye (si además pasa exclusiones)
"Categoria (texto, capa 2)",Creación de contenidos,creacion de contenidos,Incluye (si además pasa exclusiones)
"Categoria (texto, capa 2)",Creación de contenidos,creacion de contenido,Incluye (si además pasa exclusiones)
"Categoria (texto, capa 2)",Creación de contenidos,creacion de contenidos digitales,Incluye (si además pasa exclusiones)
"Categoria (texto, capa 2)",Creación de contenidos,redaccion de contenidos,Incluye (si además pasa exclusiones)
"Categoria (texto, capa 2)",Creación de contenidos,redaccion de contenido,Incluye (si además pasa exclusiones)
"Categoria (texto, capa 2)",Creación de contenidos,generacion de contenidos,Incluye (si además pasa exclusiones)
"Categoria (texto, capa 2)",Creación de contenidos,marketing de contenidos,Incluye (si además pasa exclusiones)
"Categoria (texto, capa 2)",Creación de contenidos,content marketing,Incluye (si además pasa exclusiones)
"Categoria (texto, capa 2)",Creación de contenidos,copywriting,Incluye (si además pasa exclusiones)
"Categoria (texto, capa 2)",Creación de contenidos,redaccion publicitaria,Incluye (si además pasa exclusiones)
"Categoria (texto, capa 2)",Creación de contenidos,produccion de contenidos,Incluye (si además pasa exclusiones)
"Categoria (texto, capa 2)",Creación de contenidos,estrategia de contenidos,Incluye (si además pasa exclusiones)
"Categoria (texto, capa 2)",Creación de contenidos,calendario de contenidos,Incluye (si además pasa exclusiones)
"Categoria (texto, capa 2)",Creación de contenidos,content strategy,Incluye (si además pasa exclusiones)
"Categoria (texto, capa 2)",Creación de contenidos,redactor de contenidos,Incluye (si además pasa exclusiones)
"Categoria (texto, capa 2)",Creación de contenidos,guion publicitario,Incluye (si además pasa exclusiones)
"Categoria (texto, capa 2)",Creación de contenidos,contenido digital para marketing,Incluye (si además pasa exclusiones)
"Categoria (texto, capa 2)",E-commerce,comercio electronico,Incluye (si además pasa exclusiones)
"Categoria (texto, capa 2)",E-commerce,ecommerce,Incluye (si además pasa exclusiones)
"Categoria (texto, capa 2)",E-commerce,e-commerce,Incluye (si además pasa exclusiones)
"Categoria (texto, capa 2)",E-commerce,tienda online,Incluye (si además pasa exclusiones)
"Categoria (texto, capa 2)",E-commerce,tienda virtual,Incluye (si además pasa exclusiones)
"Categoria (texto, capa 2)",E-commerce,plataforma de ecommerce,Incluye (si además pasa exclusiones)
"Categoria (texto, capa 2)",E-commerce,plataforma ecommerce,Incluye (si además pasa exclusiones)
"Categoria (texto, capa 2)",E-commerce,gestion de tienda online,Incluye (si además pasa exclusiones)
"Categoria (texto, capa 2)",E-commerce,desarrollo de ecommerce,Incluye (si además pasa exclusiones)
"Categoria (texto, capa 2)",E-commerce,diseno de ecommerce,Incluye (si además pasa exclusiones)
"Categoria (texto, capa 2)",E-commerce,marketplace,Incluye (si además pasa exclusiones)
"Categoria (texto, capa 2)",E-commerce,venta online,Incluye (si además pasa exclusiones)
"Categoria (texto, capa 2)",E-commerce,tienda electronica,Incluye (si además pasa exclusiones)
"Categoria (texto, capa 2)",E-commerce,catalogo online,Incluye (si además pasa exclusiones)
"Categoria (texto, capa 2)",E-commerce,gestion de marketplace,Incluye (si además pasa exclusiones)
"Categoria (texto, capa 2)",E-commerce,optimizacion de ficha de producto,Incluye (si además pasa exclusiones)
"Categoria (texto, capa 2)",E-commerce,tienda digital,Incluye (si además pasa exclusiones)
"Categoria (texto, capa 2)",Marketing de influencers / creators,marketing de influencers,Incluye (si además pasa exclusiones)
"Categoria (texto, capa 2)",Marketing de influencers / creators,marketing de influencer,Incluye (si además pasa exclusiones)
"Categoria (texto, capa 2)",Marketing de influencers / creators,campana de influencers,Incluye (si además pasa exclusiones)
"Categoria (texto, capa 2)",Marketing de influencers / creators,campanas de influencers,Incluye (si además pasa exclusiones)
"Categoria (texto, capa 2)",Marketing de influencers / creators,gestion de influencers,Incluye (si además pasa exclusiones)
"Categoria (texto, capa 2)",Marketing de influencers / creators,marketing de creadores,Incluye (si además pasa exclusiones)
"Categoria (texto, capa 2)",Marketing de influencers / creators,colaboracion con creadores de contenido,Incluye (si además pasa exclusiones)
"Categoria (texto, capa 2)",Marketing de influencers / creators,influencer,Incluye (si además pasa exclusiones)
"Categoria (texto, capa 2)",Marketing de influencers / creators,influencers,Incluye (si además pasa exclusiones)
"Categoria (texto, capa 2)",Marketing de influencers / creators,creador de contenido,Incluye (si además pasa exclusiones)
"Categoria (texto, capa 2)",Marketing de influencers / creators,creadores de contenido,Incluye (si además pasa exclusiones)
"Categoria (texto, capa 2)",Marketing de influencers / creators,embajador de marca,Incluye (si además pasa exclusiones)
"Categoria (texto, capa 2)",Marketing de influencers / creators,prescriptor digital,Incluye (si además pasa exclusiones)
"Categoria (texto, capa 2)",Marketing de influencers / creators,colaboracion con influencers,Incluye (si además pasa exclusiones)
"Categoria (texto, capa 2)",Automatización e IA de marketing,inteligencia artificial aplicada al marketing,Incluye (si además pasa exclusiones)
"Categoria (texto, capa 2)",Automatización e IA de marketing,ia generativa para marketing,Incluye (si además pasa exclusiones)
"Categoria (texto, capa 2)",Automatización e IA de marketing,ia aplicada al marketing,Incluye (si además pasa exclusiones)
"Categoria (texto, capa 2)",Automatización e IA de marketing,automatizacion de procesos de marketing,Incluye (si además pasa exclusiones)
"Categoria (texto, capa 2)",Automatización e IA de marketing,herramientas de inteligencia artificial para marketing,Incluye (si además pasa exclusiones)
"Categoria (texto, capa 2)",Automatización e IA de marketing,chatbot de marketing,Incluye (si además pasa exclusiones)
"Categoria (texto, capa 2)",Automatización e IA de marketing,asistente virtual de marketing,Incluye (si además pasa exclusiones)
"Categoria (texto, capa 2)",Automatización e IA de marketing,marketing conversacional,Incluye (si además pasa exclusiones)
"Categoria (texto, capa 2)",Automatización e IA de marketing,ia para marketing,Incluye (si además pasa exclusiones)
"Categoria (texto, capa 2)",Automatización e IA de marketing,personalizacion con ia,Incluye (si además pasa exclusiones)
"Categoria (texto, capa 2)",Automatización e IA de marketing,chatbot,Incluye (si además pasa exclusiones)
"Categoria (texto, capa 2)",Marketing B2B,marketing b2b,Incluye (si además pasa exclusiones)
"Categoria (texto, capa 2)",Marketing B2B,marketing btob,Incluye (si además pasa exclusiones)
"Categoria (texto, capa 2)",Marketing B2B,account based marketing,Incluye (si además pasa exclusiones)
"Categoria (texto, capa 2)",Marketing B2B,generacion de leads b2b,Incluye (si además pasa exclusiones)
"Categoria (texto, capa 2)",Marketing B2B,captacion de leads b2b,Incluye (si además pasa exclusiones)
"Categoria (texto, capa 2)",Marketing B2B,estrategia b2b de marketing,Incluye (si además pasa exclusiones)
"Categoria (texto, capa 2)",Marketing B2B,generacion de leads,Incluye (si además pasa exclusiones)
"Categoria (texto, capa 2)",Marketing B2B,captacion de leads,Incluye (si además pasa exclusiones)
"Categoria (texto, capa 2)",Marketing B2B,b2b marketing,Incluye (si además pasa exclusiones)
"Categoria (texto, capa 2)",Marketing B2B,marketing empresarial,Incluye (si además pasa exclusiones)
"Categoria (texto, capa 2)",Marketing B2B,generacion de demanda,Incluye (si además pasa exclusiones)
"Categoria (texto, capa 2)",Marketing B2B,demand generation,Incluye (si además pasa exclusiones)
"Categoria (texto, capa 2)",Formación y consultoría de marketing,formacion en marketing digital,Incluye (si además pasa exclusiones)
"Categoria (texto, capa 2)",Formación y consultoría de marketing,formacion en marketing,Incluye (si además pasa exclusiones)
"Categoria (texto, capa 2)",Formación y consultoría de marketing,formacion en publicidad digital,Incluye (si además pasa exclusiones)
"Categoria (texto, capa 2)",Formación y consultoría de marketing,formacion en comunicacion digital,Incluye (si además pasa exclusiones)
"Categoria (texto, capa 2)",Formación y consultoría de marketing,consultoria de marketing,Incluye (si además pasa exclusiones)
"Categoria (texto, capa 2)",Formación y consultoría de marketing,consultoria en marketing digital,Incluye (si además pasa exclusiones)
"Categoria (texto, capa 2)",Formación y consultoría de marketing,asesoria en marketing digital,Incluye (si además pasa exclusiones)
"Categoria (texto, capa 2)",Formación y consultoría de marketing,capacitacion en marketing digital,Incluye (si además pasa exclusiones)
"Categoria (texto, capa 2)",Formación y consultoría de marketing,formacion en redes sociales,Incluye (si además pasa exclusiones)
"Categoria (texto, capa 2)",Formación y consultoría de marketing,formacion en seo,Incluye (si además pasa exclusiones)
"Categoria (texto, capa 2)",Formación y consultoría de marketing,talleres de marketing digital,Incluye (si además pasa exclusiones)
"Categoria (texto, capa 2)",Formación y consultoría de marketing,cursos de marketing digital,Incluye (si además pasa exclusiones)
"Categoria (texto, capa 2)",Formación y consultoría de marketing,consultoria en comunicacion digital,Incluye (si además pasa exclusiones)
"Categoria (texto, capa 2)",Formación y consultoría de marketing,auditoria de marketing,Incluye (si además pasa exclusiones)
"Categoria (texto, capa 2)",Tecnología y MarTech,martech,Incluye (si además pasa exclusiones)
"Categoria (texto, capa 2)",Tecnología y MarTech,plataforma de marketing,Incluye (si además pasa exclusiones)
"Categoria (texto, capa 2)",Tecnología y MarTech,software de marketing,Incluye (si además pasa exclusiones)
"Categoria (texto, capa 2)",Tecnología y MarTech,herramientas de marketing digital,Incluye (si además pasa exclusiones)
"Categoria (texto, capa 2)",Tecnología y MarTech,plataforma de automatizacion de marketing,Incluye (si además pasa exclusiones)
"Categoria (texto, capa 2)",Tecnología y MarTech,tecnologia de marketing,Incluye (si además pasa exclusiones)
"Categoria (texto, capa 2)",Tecnología y MarTech,stack de marketing,Incluye (si además pasa exclusiones)
"Categoria (texto, capa 2)",Tecnología y MarTech,plataforma crm de marketing,Incluye (si además pasa exclusiones)
"Categoria (texto, capa 2)",Tecnología y MarTech,crm de marketing,Incluye (si además pasa exclusiones)
"Categoria (texto, capa 2)",Tecnología y MarTech,implantacion de martech,Incluye (si además pasa exclusiones)
"Categoria (texto, capa 2)",Tecnología y MarTech,consultoria martech,Incluye (si además pasa exclusiones)
"Categoria (texto, capa 2)",Tecnología y MarTech,seleccion de herramientas de marketing,Incluye (si además pasa exclusiones)
"Categoria (texto, capa 2)",Tecnología y MarTech,plataforma de gestion de campanas,Incluye (si además pasa exclusiones)
Exclusion,,limpieza de edificios,Descarta aunque el CPV este en rango
Exclusion,,limpieza viaria,Descarta aunque el CPV este en rango
Exclusion,,seguridad privada,Descarta aunque el CPV este en rango
Exclusion,,vigilancia y seguridad,Descarta aunque el CPV este en rango
Exclusion,,obra civil,Descarta aunque el CPV este en rango
Exclusion,,suministro de mobiliario,Descarta aunque el CPV este en rango
Exclusion,,servicio de catering,Descarta aunque el CPV este en rango
Exclusion,,transporte de viajeros,Descarta aunque el CPV este en rango
Exclusion,,mantenimiento de instalaciones,Descarta aunque el CPV este en rango
Exclusion,,jardineria,Descarta aunque el CPV este en rango
Exclusion,,suministro electrico,Descarta aunque el CPV este en rango
Exclusion,,suministro de combustible,Descarta aunque el CPV este en rango
Exclusion,,seguro de responsabilidad civil,Descarta aunque el CPV este en rango
Servicio no ofrecido,,imprenta,Descarta la licitacion entera (no se ofrece este servicio)
Servicio no ofrecido,,artes graficas offset,Descarta la licitacion entera (no se ofrece este servicio)
Servicio no ofrecido,,papeleria,Descarta la licitacion entera (no se ofrece este servicio)
Servicio no ofrecido,,rotulacion,Descarta la licitacion entera (no se ofrece este servicio)
Servicio no ofrecido,,senaletica,Descarta la licitacion entera (no se ofrece este servicio)
Servicio no ofrecido,,cartelera exterior,Descarta la licitacion entera (no se ofrece este servicio)
Servicio no ofrecido,,material de oficina,Descarta la licitacion entera (no se ofrece este servicio)
Servicio no ofrecido,,encuadernacion,Descarta la licitacion entera (no se ofrece este servicio)
Servicio no ofrecido,,impresion,Descarta la licitacion entera (no se ofrece este servicio)
Servicio no ofrecido,,impresora,Descarta la licitacion entera (no se ofrece este servicio)
Servicio no ofrecido,,impresoras,Descarta la licitacion entera (no se ofrece este servicio)
Servicio no ofrecido,,servicios de impresion,Descarta la licitacion entera (no se ofrece este servicio)
Servicio no ofrecido,,trabajos de imprenta,Descarta la licitacion entera (no se ofrece este servicio)
